URL	Link
http://redhelper.ru?copy	Сервис предоставлен RedHelper
http://atlantistravel.co.il	Русский
http://en.atlantistravel.co.il	English
http://atlantischina.net	Chinese
http://he.atlantistravel.co.il	עברית
/o-kompanii/nasha-kompanija	О компании
/o-kompanii/nasha-komanda	Наша команда
/nashi-ofisy	Наши офисы
/o-kompanii/struktura	Структура
/o-kompanii/nagrady-i-blagodarnosti	Награды и благодарности
/pressa-o-nas	Пресса о нас
/meroprijatija	Мероприятия
/social-nye-iniciativy	Социальные инициативы
/o-kompanii/bankovskie-rekvizity	Банковские реквизиты
/o-kompanii/rabota-v-kompanii	Работа в компании
/o-kompanii/kontrol-kachestva	Контроль качества
/ekskursii/gruppovye-ekskursii-po-izrailju	Экскурсии || по Израилю
/ekskursii/gruppovye-ekskursii-po-izrailju	Групповые экскурсии
/ekskursii/individualnye-ekskursii	Индивидуальные экскурсии
/ekskursii/obshhie-polozhenija	Общие положения
/tury/reguljarnye-tury	Регулярные Туры
/tury/charternye-tury	Чартерные туры
/tury/kombinirovannye	Комбинированные
/tury/palomnicheskie	Паломнические
/tury/avtomobil-nye	Автомобильные
/tury/ekstrim-tury	Экстрим-туры
/tury/avtorskie	Авторские
/tury/korporativnye	Корпоративные
/tury/tury-v-iordaniju	Туры в Иорданию
/tury/tury-iz-iordanii	Туры из Иордании
/tury/tury-v-ejlat-uvda	Туры в Эйлат (Увда)
/tury/tury-vyhodnogo-dnja	Туры Выходного Дня
/gostinicy	Гостиницы
/aviaperelety	Авиабилеты
/aviaperelety/vnutrennie-perelety	Внутренние перелеты
/aviaperelety/mezhdunarodnye-perelety	Международные перелеты
/vip	VIP услуги в Израиле
/transfery-po-izrailju	Трансферы по Израилю
/uslugi/medicinskij-turizm	Медицинский туризм
/on-line	On-line || бронирование
http://agent.atlantistravel.co.il/	Online бронирование отелей в Израиле
http://atlantistravel.co.il/ekskursii	Online бронирование экскурсий по Израилю
/sotrudnichestvo-dlja-agentov	Сотрудничество || для агентов
/otzyvy	Отзывы || туристов
/kontakty	Контакты || обратиться в компанию
http://atlantistravel.co.il	Русский
http://en.atlantistravel.co.il	English
http://atlantischina.net	Chinese
http://he.atlantistravel.co.il	עברית
/login	Войти
/registration	Регистрация
/cart	
/cart	Корзина
https://atlantistravel.co.il	
https://atlantistravel.co.il	
https://atlantistravel.co.il	
/o-kompanii/nasha-kompanija	О компании
/o-kompanii/nasha-komanda	Наша команда
/nashi-ofisy	Наши офисы
/o-kompanii/struktura	Структура
/o-kompanii/nagrady-i-blagodarnosti	Награды и благодарности
/pressa-o-nas	Пресса о нас
/meroprijatija	Мероприятия
/social-nye-iniciativy	Социальные инициативы
/o-kompanii/bankovskie-rekvizity	Банковские реквизиты
/o-kompanii/rabota-v-kompanii	Работа в компании
/o-kompanii/kontrol-kachestva	Контроль качества
/ekskursii/gruppovye-ekskursii-po-izrailju	Экскурсиипо Израилю
/ekskursii/gruppovye-ekskursii-po-izrailju	Групповые экскурсии
/ekskursii/individualnye-ekskursii	Индивидуальные экскурсии
/ekskursii/obshhie-polozhenija	Общие положения
/tury/reguljarnye-tury	Регулярные Туры
/tury/charternye-tury	Чартерные туры
/tury/kombinirovannye	Комбинированные
/tury/palomnicheskie	Паломнические
/tury/avtomobil-nye	Автомобильные
/tury/ekstrim-tury	Экстрим-туры
/tury/avtorskie	Авторские
/tury/korporativnye	Корпоративные
/tury/tury-v-iordaniju	Туры в Иорданию
/tury/tury-iz-iordanii	Туры из Иордании
/tury/tury-v-ejlat-uvda	Туры в Эйлат (Увда)
/tury/tury-vyhodnogo-dnja	Туры Выходного Дня
/gostinicy	Гостиницы
/aviaperelety	Авиабилеты
/aviaperelety/vnutrennie-perelety	Внутренние перелеты
/aviaperelety/mezhdunarodnye-perelety	Международные перелеты
/vip	VIP услуги в Израиле
/transfery-po-izrailju	Трансферы по Израилю
/uslugi/medicinskij-turizm	Медицинский туризм
/on-line	On-lineбронирование
http://agent.atlantistravel.co.il/	Online бронирование отелей в Израиле
http://atlantistravel.co.il/ekskursii	Online бронирование экскурсий по Израилю
/sotrudnichestvo-dlja-agentov	Сотрудничестводля агентов
/otzyvy	Отзывытуристов
/kontakty	Контактыобратиться в компанию
/ekskursii	Экскурсии
/ekskursii/ekskursii-po-izrailju-minigroups	«Premium» группы до 18 чел.
/ekskursii/ekskursii-po-izrailju-businessgroups	«Business» группы до 10 чел.
/ekskursii/individualnye-ekskursii	«VIP» индивидуальные
/ekskursii/mnogodnevnyj-otdykh	Многодневный отдых
/ekskursii/gruppovye-ekskursii-po-izrailju/ispolnenie-zhelaniya	
/ekskursii/gruppovye-ekskursii-po-izrailju/ispolnenie-zhelaniya	Исполнение желаний
/ekskursii/gruppovye-ekskursii-po-izrailju/mjortvoe-more-spa-ejn-gedi-bez-obeda	
/ekskursii/gruppovye-ekskursii-po-izrailju/mjortvoe-more-spa-ejn-gedi-bez-obeda	"Мёртвое море, SPA ""Эйн Геди"" без обеда (по будням)"
/ekskursii/gruppovye-ekskursii-po-izrailju/mjortvoe-more-spa-ejn-gedi-bez-obeda-po-subbotam	
/ekskursii/gruppovye-ekskursii-po-izrailju/mjortvoe-more-spa-ejn-gedi-bez-obeda-po-subbotam	"Мёртвое море, SPA ""Эйн Геди"" без обеда (по субботам)"
/ekskursii/gruppovye-ekskursii-po-izrailju/golany-zapovednik-banias	
/ekskursii/gruppovye-ekskursii-po-izrailju/golany-zapovednik-banias	Голанские высоты. Заповедник Баниас
/ekskursii/gruppovye-ekskursii-po-izrailju/biblejskij-zoopark	
/ekskursii/gruppovye-ekskursii-po-izrailju/biblejskij-zoopark	Библейский зоопарк в Иерусалиме
/ekskursii/gruppovye-ekskursii-po-izrailju/galilejskaya-mozaika-v-gosti-k-druzam-i-cherkesam	
/ekskursii/gruppovye-ekskursii-po-izrailju/galilejskaya-mozaika-v-gosti-k-druzam-i-cherkesam	Галилейская мозаика. В гости к друзам и черкесам
/ekskursii/gruppovye-ekskursii-po-izrailju/vechernyaya-poezdka-vechernij-ierusalim-lazernoe-shou-na-bashne-davida	
/ekskursii/gruppovye-ekskursii-po-izrailju/vechernyaya-poezdka-vechernij-ierusalim-lazernoe-shou-na-bashne-davida	Вечерняя поездка «Вечерний Иерусалим. Лазерное шоу на башне Давида»
/ekskursii/gruppovye-ekskursii-po-izrailju/svyatyni-vifleema	
/ekskursii/gruppovye-ekskursii-po-izrailju/svyatyni-vifleema	Святыни Вифлеема
/ekskursii/gruppovye-ekskursii-po-izrailju/svyatyni-vifleema-s-obedom	
/ekskursii/gruppovye-ekskursii-po-izrailju/svyatyni-vifleema-s-obedom	Святыни Вифлеема (с обедом)
/ekskursii/gruppovye-ekskursii-po-izrailju/pesochnyj-buket-ejn-avdat-i-makhtesh-ramon-dvukhdnevnyj-tur	
/ekskursii/gruppovye-ekskursii-po-izrailju/pesochnyj-buket-ejn-avdat-i-makhtesh-ramon-dvukhdnevnyj-tur	Песочный букет — Эйн Авдат и Махтеш Рамон двухдневный тур
/ekskursii/gruppovye-ekskursii-po-izrailju/kejsariya-khajfa-zikhron-yakov-druzskaya-derevnya	
/ekskursii/gruppovye-ekskursii-po-izrailju/kejsariya-khajfa-zikhron-yakov-druzskaya-derevnya	Зихрон Яков. Хайфа. Друзские деревни. Кейсария
/ekskursii/gruppovye-ekskursii-po-izrailju/galileya-trekh-religij	
/ekskursii/gruppovye-ekskursii-po-izrailju/galileya-trekh-religij	Галилея трех религий
/ekskursii/gruppovye-ekskursii-po-izrailju/neturisticheskij-izrail	
/ekskursii/gruppovye-ekskursii-po-izrailju/neturisticheskij-izrail	Жемчужины приморской низменности
/ekskursii/gruppovye-ekskursii-po-izrailju/puteshestvie-v-pustynyu-negev	
/ekskursii/gruppovye-ekskursii-po-izrailju/puteshestvie-v-pustynyu-negev	Путешествие в пустыню Негев
/ekskursii/gruppovye-ekskursii-po-izrailju/vkusnoe-puteshestvie	
/ekskursii/gruppovye-ekskursii-po-izrailju/vkusnoe-puteshestvie	Вкусное путешествие
/ekskursii/gruppovye-ekskursii-po-izrailju/sledami-iroda-velikogo	
/ekskursii/gruppovye-ekskursii-po-izrailju/sledami-iroda-velikogo	Следами Ирода Великого
/ekskursii/gruppovye-ekskursii-po-izrailju/kryshi-i-podzemelya-ierusalima	
/ekskursii/gruppovye-ekskursii-po-izrailju/kryshi-i-podzemelya-ierusalima	Крыши и подземелья Иерусалима
/ekskursii/gruppovye-ekskursii-po-izrailju/dolina-ela-tam-gde-biblejskie-syuzhety-ozhivayut	
/ekskursii/gruppovye-ekskursii-po-izrailju/dolina-ela-tam-gde-biblejskie-syuzhety-ozhivayut	Долина Эла. Там, где библейские сюжеты оживают
/ekskursii/gruppovye-ekskursii-po-izrailju/ierusalimskie-podzemelya-arkheologiya-i-priklyucheniya	
/ekskursii/gruppovye-ekskursii-po-izrailju/ierusalimskie-podzemelya-arkheologiya-i-priklyucheniya	Иерусалимские подземелья. Археология и приключения
/ekskursii/gruppovye-ekskursii-po-izrailju/dorogoj-vinnoyu	
/ekskursii/gruppovye-ekskursii-po-izrailju/dorogoj-vinnoyu	Дорогой винною
/ekskursii/gruppovye-ekskursii-po-izrailju/den-otdykha-v-superlend	
/ekskursii/gruppovye-ekskursii-po-izrailju/den-otdykha-v-superlend	День отдыха в «Суперленд»
/ekskursii/gruppovye-ekskursii-po-izrailju/khajfa-akko-zapovednik-rosh-a-nikra	
/ekskursii/gruppovye-ekskursii-po-izrailju/khajfa-akko-zapovednik-rosh-a-nikra	Хайфа. Акко. Заповедник Рош-а-Никра
/ekskursii/gruppovye-ekskursii-po-izrailju/tsfat-katsrin-golanskie-vysoty	
/ekskursii/gruppovye-ekskursii-po-izrailju/tsfat-katsrin-golanskie-vysoty	Цфат. Кацрин. Голанские высоты
/ekskursii/gruppovye-ekskursii-po-izrailju/tsfat-zapovednik-tsipori-galileya-iudejskaya	
/ekskursii/gruppovye-ekskursii-po-izrailju/tsfat-zapovednik-tsipori-galileya-iudejskaya	Цфат. Заповедник Ципори. Иудейская Галилея
/ekskursii/gruppovye-ekskursii-po-izrailju/galileya-khristianskaya-nazaret	
/ekskursii/gruppovye-ekskursii-po-izrailju/galileya-khristianskaya-nazaret	Галилея Христианская. Назарет
/ekskursii/gruppovye-ekskursii-po-izrailju/ierusalim-khristianskij	
/ekskursii/gruppovye-ekskursii-po-izrailju/ierusalim-khristianskij	Иерусалим Христианский
/ekskursii/gruppovye-ekskursii-po-izrailju/galileya-khristianskaya-nazaret-po-pyatnicam	
/ekskursii/gruppovye-ekskursii-po-izrailju/galileya-khristianskaya-nazaret-po-pyatnicam	Галилея Христианская, Назарет (по пятницам)
/ekskursii/gruppovye-ekskursii-po-izrailju/ierusalim-obzornyj-yad-vashem	
/ekskursii/gruppovye-ekskursii-po-izrailju/ierusalim-obzornyj-yad-vashem	Иерусалим Обзорный; Яд Вашем
/ekskursii/gruppovye-ekskursii-po-izrailju/ierusalim-gorod-trjokh-religij	
/ekskursii/gruppovye-ekskursii-po-izrailju/ierusalim-gorod-trjokh-religij	Иерусалим, город трёх религий
/ekskursii/gruppovye-ekskursii-po-izrailju/ierusalim-podzemnyiy	
/ekskursii/gruppovye-ekskursii-po-izrailju/ierusalim-podzemnyiy	Иерусалим Подземный
/ekskursii/gruppovye-ekskursii-po-izrailju/vifleem-i-khristianskij-ierusalim	
/ekskursii/gruppovye-ekskursii-po-izrailju/vifleem-i-khristianskij-ierusalim	Вифлеем и Христианский Иерусалим
/ekskursii/gruppovye-ekskursii-po-izrailju/vifleem-i-pravoslavnyj-ierusalim	
/ekskursii/gruppovye-ekskursii-po-izrailju/vifleem-i-pravoslavnyj-ierusalim	Вифлеем и Православный Иерусалим
/ekskursii/gruppovye-ekskursii-po-izrailju/vifleem-i-russkij-ierusalim	
/ekskursii/gruppovye-ekskursii-po-izrailju/vifleem-i-russkij-ierusalim	Вифлеем и Русский Иерусалим
/ekskursii/gruppovye-ekskursii-po-izrailju/kejsariya-khajfa-akko	
/ekskursii/gruppovye-ekskursii-po-izrailju/kejsariya-khajfa-akko	Кейсария. Хайфа. Акко
/ekskursii/gruppovye-ekskursii-po-izrailju/podzemnyj-akko-zaly-krestonostsev-bakhai-v-khajfe	
/ekskursii/gruppovye-ekskursii-po-izrailju/podzemnyj-akko-zaly-krestonostsev-bakhai-v-khajfe	Подземный Акко залы крестоносцев. Бахаи в Хайфе
/ekskursii/gruppovye-ekskursii-po-izrailju/mini-izrail-abu-gosh-tel-aviv-yaffo	
/ekskursii/gruppovye-ekskursii-po-izrailju/mini-izrail-abu-gosh-tel-aviv-yaffo	Мини Израиль. Абу Гош. Тель-Авив-Яффо
/ekskursii/gruppovye-ekskursii-po-izrailju/Mini-izrail-yaffo-tel-aviv-winery	
/ekskursii/gruppovye-ekskursii-po-izrailju/Mini-izrail-yaffo-tel-aviv-winery	Тель- Авив-Яффо. Мини Израиль. Винодельня.
/ekskursii/gruppovye-ekskursii-po-izrailju/tel-aviv-yaffo-almaznaya-birzha	
/ekskursii/gruppovye-ekskursii-po-izrailju/tel-aviv-yaffo-almaznaya-birzha	Тель-Авив Яффо. Алмазная Биржа
/ekskursii/gruppovye-ekskursii-po-izrailju/ierikhon-vadi-kelt-monastyri-iudejskoj-pustyni-kasr-al-jekhud	
/ekskursii/gruppovye-ekskursii-po-izrailju/ierikhon-vadi-kelt-monastyri-iudejskoj-pustyni-kasr-al-jekhud	Иерихон. Вади-Кельт. Монастыри Иудейской пустыни. Каср аль-Яхуд
/ekskursii/gruppovye-ekskursii-po-izrailju/stalaktitovye-peshchery-i-monastyri-v-okrestnostyakh-ierusalima	
/ekskursii/gruppovye-ekskursii-po-izrailju/stalaktitovye-peshchery-i-monastyri-v-okrestnostyakh-ierusalima	Сталактитовые пещеры и монастыри в окрестностях Иерусалима
/ekskursii/gruppovye-ekskursii-po-izrailju/zapovednik-ejn-gedi-i-mertvoe-more	
/ekskursii/gruppovye-ekskursii-po-izrailju/zapovednik-ejn-gedi-i-mertvoe-more	Заповедник Эйн Геди и Мертвое море
/ekskursii/gruppovye-ekskursii-po-izrailju/krepost-massada-i-mjortvoe-more	
/ekskursii/gruppovye-ekskursii-po-izrailju/krepost-massada-i-mjortvoe-more	Крепость Масада и Мёртвое море
/ekskursii/gruppovye-ekskursii-po-izrailju/mjortvoe-more-spa-ejn-gedi-s-obedom	
/ekskursii/gruppovye-ekskursii-po-izrailju/mjortvoe-more-spa-ejn-gedi-s-obedom	Мёртвое море, SPA «Эйн Геди» с обедом
/ekskursii/gruppovye-ekskursii-po-izrailju/mjortvoe-more-plyazh-ejn-bokek	
/ekskursii/gruppovye-ekskursii-po-izrailju/mjortvoe-more-plyazh-ejn-bokek	"Мёртвое море, пляж ""Эйн Бокек"""
/ekskursii/gruppovye-ekskursii-po-izrailju/mjortvoe-more-den-otdykha-v-spa-otele-lot-s-obedom	
/ekskursii/gruppovye-ekskursii-po-izrailju/mjortvoe-more-den-otdykha-v-spa-otele-lot-s-obedom	Мёртвое море, отдых в SPA отеле LOT (с обедом)
/ekskursii/gruppovye-ekskursii-po-izrailju/mjortvoe-more-otdykh-v-spa-otele-hod-s-obedom	
/ekskursii/gruppovye-ekskursii-po-izrailju/mjortvoe-more-otdykh-v-spa-otele-hod-s-obedom	Мёртвое море, отдых в SPA отеле HOD  (с обедом)
/ekskursii/gruppovye-ekskursii-po-izrailju/gruzinskij-ierusalim	
/ekskursii/gruppovye-ekskursii-po-izrailju/gruzinskij-ierusalim	Грузинский Иерусалим
/ekskursii/gruppovye-ekskursii-po-izrailju/mjortvoe-more-den-otdykha-v-spa-otele-david-s-obedom	
/ekskursii/gruppovye-ekskursii-po-izrailju/mjortvoe-more-den-otdykha-v-spa-otele-david-s-obedom	Мёртвое море, день отдыха в SPA отеле DAVID (с обедом)
/ekskursii/gruppovye-ekskursii-po-izrailju/mjortvoe-more-den-otdykha-v-spa-otele-daniel-s-obedom	
/ekskursii/gruppovye-ekskursii-po-izrailju/mjortvoe-more-den-otdykha-v-spa-otele-daniel-s-obedom	Мёртвое море, день отдыха в SPA отеле Daniel (с обедом)
/ekskursii/gruppovye-ekskursii-po-izrailju/nochnoj-ierusalim-festival-sveta	
/ekskursii/gruppovye-ekskursii-po-izrailju/nochnoj-ierusalim-festival-sveta	Ночной Иерусалим. Фестиваль света
/ekskursii/gruppovye-ekskursii-po-izrailju/den-otdykha-v-akvaparke-shfaim	
/ekskursii/gruppovye-ekskursii-po-izrailju/den-otdykha-v-akvaparke-shfaim	День отдыха в аквапарке Шфаим
/ekskursii/gruppovye-ekskursii-po-izrailju/mjortvoe-more-otdykh-v-spa-otele-crowne-plaza-s-obedom	
/ekskursii/gruppovye-ekskursii-po-izrailju/mjortvoe-more-otdykh-v-spa-otele-crowne-plaza-s-obedom	Мёртвое море, отдых в SPA отеле CROWNE PLAZA (с обедом)
/ekskursii/gruppovye-ekskursii-po-izrailju/ozero-sakhne-prirodnye-vodojomy	
/ekskursii/gruppovye-ekskursii-po-izrailju/ozero-sakhne-prirodnye-vodojomy	Озеро Сахне — природные водоёмы
/ekskursii/gruppovye-ekskursii-po-izrailju/khamat-gader-goryachie-serovodorodnye-istochniki	
/ekskursii/gruppovye-ekskursii-po-izrailju/khamat-gader-goryachie-serovodorodnye-istochniki	Хамат-Гадер. Горячие сероводородные источники
/ekskursii/gruppovye-ekskursii-po-izrailju/ierusalim-musulmanskij	
/ekskursii/gruppovye-ekskursii-po-izrailju/ierusalim-musulmanskij	Иерусалим мусульманский
/ekskursii/gruppovye-ekskursii-po-izrailju/tsvety-i-tsveta-galilei-i-golan	
/ekskursii/gruppovye-ekskursii-po-izrailju/tsvety-i-tsveta-galilei-i-golan	Цветы и цвета Галилеи и Голан
/ekskursii/gruppovye-ekskursii-po-izrailju/khamej-tveriya-spa-spa-kompleks-na-beregu-ozera-kineret	
/ekskursii/gruppovye-ekskursii-po-izrailju/khamej-tveriya-spa-spa-kompleks-na-beregu-ozera-kineret	Хамей Тверия, SPA (СПА) комплекс на берегу озера Кинерет
/ekskursii/gruppovye-ekskursii-po-izrailju/imperii-stroyat-ierusalim	
/ekskursii/gruppovye-ekskursii-po-izrailju/imperii-stroyat-ierusalim	Империи строят Иерусалим
/ekskursii/gruppovye-ekskursii-po-izrailju/den-otdykha-v-safari	
/ekskursii/gruppovye-ekskursii-po-izrailju/den-otdykha-v-safari	День отдыха в Сафари
/ekskursii/gruppovye-ekskursii-po-izrailju/park-utopiya-muzej-ralli-park-rotshilda	
/ekskursii/gruppovye-ekskursii-po-izrailju/park-utopiya-muzej-ralli-park-rotshilda	Парк Утопия. Музей Ралли. Парк Ротшильда
/ekskursii/gruppovye-ekskursii-po-izrailju/khamej-gaash-termalnye-vanny	
/ekskursii/gruppovye-ekskursii-po-izrailju/khamej-gaash-termalnye-vanny	Хамей Гааш — термальные ванны
/ekskursii/gruppovye-ekskursii-po-izrailju/iordaniya-petra	
/ekskursii/gruppovye-ekskursii-po-izrailju/iordaniya-petra	Иордания. Петра
/ekskursii/gruppovye-ekskursii-po-izrailju/ejlat-krasnoe-more	
/ekskursii/gruppovye-ekskursii-po-izrailju/ejlat-krasnoe-more	Эйлат. Красное море
/ekskursii/gruppovye-ekskursii-po-izrailju/ierusalim-vifleem-reka-iordan	
/ekskursii/gruppovye-ekskursii-po-izrailju/ierusalim-vifleem-reka-iordan	Иерусалим. Вифлеем. Река Иордан
/ekskursii/gruppovye-ekskursii-po-izrailju/timna-i-kibuts-jotvata	
/ekskursii/gruppovye-ekskursii-po-izrailju/timna-i-kibuts-jotvata	Тимна и кибуц Йотвата
/ekskursii/gruppovye-ekskursii-po-izrailju/mertvoe-more-plyazh-obed	
/ekskursii/gruppovye-ekskursii-po-izrailju/mertvoe-more-plyazh-obed	Мертвое море. Пляж+обед
/ekskursii/gruppovye-ekskursii-po-izrailju/pereletnye-ptitsy-doliny-khula	
/ekskursii/gruppovye-ekskursii-po-izrailju/pereletnye-ptitsy-doliny-khula	Перелетные птицы долины Хула
/ekskursii/gruppovye-ekskursii-po-izrailju/ierusalim-gorod-trekh-religij-i-vifleem	
/ekskursii/gruppovye-ekskursii-po-izrailju/ierusalim-gorod-trekh-religij-i-vifleem	Иерусалим — город трёх религий. Вифлеем
/ekskursii/gruppovye-ekskursii-po-izrailju/mertvoe-more-spa-otel-s-obedom	
/ekskursii/gruppovye-ekskursii-po-izrailju/mertvoe-more-spa-otel-s-obedom	Мертвое море СПА отель с обедом
/ekskursii/gruppovye-ekskursii-po-izrailju/galileya-pravoslavnaya-nazaret	
/ekskursii/gruppovye-ekskursii-po-izrailju/galileya-pravoslavnaya-nazaret	Галилея Православная и Назарет
/ekskursii/gruppovye-ekskursii-po-izrailju/massada-i-zapovednik-ejn-gedi	
/ekskursii/gruppovye-ekskursii-po-izrailju/massada-i-zapovednik-ejn-gedi	Крепость Масада и заповедник Эйн Геди
/ekskursii/gruppovye-ekskursii-po-izrailju/dorogoj-vodopadov-zapovednik-nakhal-ayun	
/ekskursii/gruppovye-ekskursii-po-izrailju/dorogoj-vodopadov-zapovednik-nakhal-ayun	Дорогой водопадов. Заповедник Нахаль Аюн
/ekskursii/gruppovye-ekskursii-po-izrailju/monastyri-iudejskoj-pustyni	
/ekskursii/gruppovye-ekskursii-po-izrailju/monastyri-iudejskoj-pustyni	Монастыри Иудейской пустыни и Иерихон
/ekskursii/gruppovye-ekskursii-po-izrailju/transfer-na-mjortvoe-more	
/ekskursii/gruppovye-ekskursii-po-izrailju/transfer-na-mjortvoe-more	Трансфер на Мёртвое море
/ekskursii/gruppovye-ekskursii-po-izrailju/transfer-s-mertvogo-morya	
/ekskursii/gruppovye-ekskursii-po-izrailju/transfer-s-mertvogo-morya	Трансфер с Мертвого Моря
/ekskursii/gruppovye-ekskursii-po-izrailju/transfer-v-ejlat-s-ostanovkoj-na-mertvom-more	
/ekskursii/gruppovye-ekskursii-po-izrailju/transfer-v-ejlat-s-ostanovkoj-na-mertvom-more	Трансфер в Эйлат с остановкой на Мертвом море
/ekskursii/gruppovye-ekskursii-po-izrailju/transfer-v-ejlat	
/ekskursii/gruppovye-ekskursii-po-izrailju/transfer-v-ejlat	Трансфер в Эйлат
/ekskursii/gruppovye-ekskursii-po-izrailju/transfer-iz-ejlata	
/ekskursii/gruppovye-ekskursii-po-izrailju/transfer-iz-ejlata	Трансфер из Эйлата
/ekskursii/gruppovye-ekskursii-po-izrailju/transfer-v-tveriyu	
/ekskursii/gruppovye-ekskursii-po-izrailju/transfer-v-tveriyu	Трансфер в Тверию
/ekskursii/gruppovye-ekskursii-po-izrailju/transfer-iz-tverii	
/ekskursii/gruppovye-ekskursii-po-izrailju/transfer-iz-tverii	Трансфер из Тверии
/ekskursii/gruppovye-ekskursii-po-izrailju/progulki-po-sovremennomu-ierusalimu	
/ekskursii/gruppovye-ekskursii-po-izrailju/progulki-po-sovremennomu-ierusalimu	Прогулки по современному Иерусалиму
/ekskursii/gruppovye-ekskursii-po-izrailju/kraj-peshchernykh-gorodov-maresha-bejt-guvrin	
/ekskursii/gruppovye-ekskursii-po-izrailju/kraj-peshchernykh-gorodov-maresha-bejt-guvrin	Край пещерных городов
/ekskursii/gruppovye-ekskursii-po-izrailju/bakhai-v-akko-i-park-goren	
/ekskursii/gruppovye-ekskursii-po-izrailju/bakhai-v-akko-i-park-goren	Волшебство северных парков
/ekskursii/gruppovye-ekskursii-po-izrailju/kreshchenie-na-svyatoj-zemle-v-kasr-al-yakhud	
/ekskursii/gruppovye-ekskursii-po-izrailju/kreshchenie-na-svyatoj-zemle-v-kasr-al-yakhud	Крещение на Святой земле в Каср аль-Яхуд
/ekskursii/gruppovye-ekskursii-po-izrailju/rozhdestvo-v-ierusalime-i-vifleeme	
/ekskursii/gruppovye-ekskursii-po-izrailju/rozhdestvo-v-ierusalime-i-vifleeme	Рождество в Иерусалиме и Вифлееме
/ekskursii/gruppovye-ekskursii-po-izrailju/novogodnyaya-khajfa	
/ekskursii/gruppovye-ekskursii-po-izrailju/novogodnyaya-khajfa	Новогодняя Хайфа
/ekskursii/gruppovye-ekskursii-po-izrailju/rozhdestvo-v-vifleeme	
/ekskursii/gruppovye-ekskursii-po-izrailju/rozhdestvo-v-vifleeme	Рождество в Вифлееме. Ночная литургия
/ekskursii/gruppovye-ekskursii-po-izrailju/rozhdestvo-v-nazarete	
/ekskursii/gruppovye-ekskursii-po-izrailju/rozhdestvo-v-nazarete	Рождество в Назарете
/ekskursii/gruppovye-ekskursii-po-izrailju/tsvetushchij-negev	
/ekskursii/gruppovye-ekskursii-po-izrailju/tsvetushchij-negev	Цветущий Негев
/ekskursii/gruppovye-ekskursii-po-izrailju/sladkij-vykhodnoj-sbor-klubniki	
/ekskursii/gruppovye-ekskursii-po-izrailju/sladkij-vykhodnoj-sbor-klubniki	Сладкий выходной. Сбор клубники
/ekskursii/gruppovye-ekskursii-po-izrailju/druzskimi-tropami	
/ekskursii/gruppovye-ekskursii-po-izrailju/druzskimi-tropami	Друзскими тропами
/ekskursii/gruppovye-ekskursii-po-izrailju/tajny-iudejskoj-pustyni	
/ekskursii/gruppovye-ekskursii-po-izrailju/tajny-iudejskoj-pustyni	Тайны Иудейской пустыни
/ekskursii/gruppovye-ekskursii-po-izrailju/vkusnyj-izrail	
/ekskursii/gruppovye-ekskursii-po-izrailju/vkusnyj-izrail	Вкусный Израиль
/ekskursii/gruppovye-ekskursii-po-izrailju/na-krylyakh-nezavisimosti	
/ekskursii/gruppovye-ekskursii-po-izrailju/na-krylyakh-nezavisimosti	На крыльях Независимости
/ekskursii/gruppovye-ekskursii-po-izrailju/zapovednik-tel-dan-muzej-shokolada-shulman	
/ekskursii/gruppovye-ekskursii-po-izrailju/zapovednik-tel-dan-muzej-shokolada-shulman	Великолепие природы и шоколадная сказка
/ekskursii/gruppovye-ekskursii-po-izrailju/tel-aviv-i-baukhaus	
/ekskursii/gruppovye-ekskursii-po-izrailju/tel-aviv-i-baukhaus	Тель Авив и Баухаус
/ekskursii/gruppovye-ekskursii-po-izrailju/blagodatnoe-oblako-nochnaya-liturgiya-na-gore-favor	
/ekskursii/gruppovye-ekskursii-po-izrailju/blagodatnoe-oblako-nochnaya-liturgiya-na-gore-favor	Благодатное облако. Ночная литургия на горе Фавор
#item-desc	
#info-desc	
#sights-list	
#point-desc	
#alert-window	
#alert-window-filter	
#cart-popup	
/cart	Перейти в корзину
/o-kompanii/nasha-kompanija	О нас
/nashi-ofisy	Наши офисы
/pressa-o-nas	Пресса о нас
/sponsorstvo	Спонсорство
/social-nye-iniciativy	Соц. инициативы
/o-kompanii/rabota-v-kompanii	Работа в компании
/sotrudnichestvo-dlja-agentov	Стать партнером
/druz-ja-kompanii	Друзья компании
/meroprijatija	Мероприятия
/pnim	Для агентов в Израиле
/kontakty	Контакты
mailto:info@atlantistravel.co.il	info@atlantistravel.co.il
/nashi-ofisy	Офисы продаж
/kontakty	Contact us
mailto:info@atlantistravel.co.il	info@atlantistravel.co.il
https://twitter.com/AtlantisIsrael	
https://plus.google.com/u/0/+AtlantisIsrael/posts	
https://www.linkedin.com/company/3365542?trk=prof-exp-company-name	
http://vk.com/club33743912	
http://ok.ru/profile/563754883686	
https://facebook.com/atlantisisrael	
http://www.localize.co.il	פותח על ידי לוקלייז✱
https://he.wikipedia.org/wiki/ישראל	